<?xml version="1.0"?><markers><marker lat= ' 2'  lng='1'/><marker lat= ' 2'  lng='1'/><marker lat= ' 2'  lng='1'/><marker lat= ' 29.908644'  lng='31.192617'/><marker lat= ' 29.901323'  lng='31.188898'/><marker lat= ' 29.901323'  lng='31.188898'/><marker lat= ' 29.901323'  lng='31.188898'/><marker lat= ' 29.901323'  lng='31.188898'/><marker lat= ' 29.901323'  lng='31.188898'/><marker lat= ' 29.901323'  lng='31.188898'/><marker lat= ' 29.901323'  lng='31.188898'/><marker lat= ' 29.901323'  lng='31.188898'/><marker lat= ' 29.901323'  lng='31.188898'/><marker lat= ' 29.903815'  lng='31.188837'/><marker lat= ' 29.927326'  lng='31.208858'/><marker lat= ' 29.917319'  lng='31.192573'/><marker lat= '  31.2288164'  lng=' 31.2288164'/><marker lat= '  29.923683'  lng=' 29.923683'/><marker lat= '  29.9852995'  lng=' 31.2603668'/><marker lat= '  29.9852995'  lng=' 31.2603668'/><marker lat= '  29.9820477'  lng=' 31.2592498'/><marker lat= '  29.9810541'  lng=' 29.9820477'/><marker lat= '  30.0628676'  lng=' 31.2982807'/><marker lat= '  30.0628676'  lng=' 31.2982807'/><marker lat= '  30.0628676'  lng=' 31.2982807'/><marker lat= '  30.010137'  lng=' 31.2787739'/><marker lat= '  29.9965447'  lng=' 31.2527368'/><marker lat= '  29.9901515'  lng=' 31.2622801'/><marker lat= '  29.9970612'  lng=' 31.2699487'/><marker lat= '  29.9917424'  lng=' 31.2100673'/><marker lat= ' 29.913193'  lng='31.188860'/><marker lat= ' 29.9537171'  lng='31.2355774'/><marker lat= ' 29.9495016'  lng='31.2335062'/><marker lat= ' 29.9495016'  lng='31.2335062'/><marker lat= ' 29.9125'  lng='31.2105'/><marker lat= ' 29.9990284'  lng='31.2532785'/></markers>